approach,Size
smart selection,53.65859284890427
LC-TMC-EC-OC,45.161591695501734
