approach,Size
smart selection,47.63644752018455
WM-TMC-EC-OC,41.91014994232987
