approach,Size
smart selection,53.65859284890427
WM-TMC-EC-OC,46.10495963091118
