approach,Size
smart selection,47.63644752018455
LC-TMC-EC-OC,40.94579008073817
