approach,Size
smart selection,57.09388696655132
LC-TMC-EC-OC,52.53806228373703
