approach,Size
smart selection,57.09388696655132
WM-TMC-EC-OC,55.30149942329872
