approach,BC,WM,LC,TMC,NTMC,DBC,EC,OC
smart selection,0.4240643902122099,0.47137760173145565,0.47244693355889245,0.8093455837743287,0.6278949449057448,0.43038545775017134,28.865079365079364,0.33111241618802145
smart selection without the subsumption strategy,0.45027269252955987,0.48586549434423,0.49153694525380637,0.8139121018319234,0.6354022127194187,0.4610326812800981,32.66031746031746,0.34951828166318444
