approach,Size
smart selection,103.5270588235294
original combination,89.94901960784313
BC,92.38666666666667
WM,45.57607843137255
LC,62.756470588235295
TMC,56.98980392156863
NTMC,44.08352941176471
DBC,98.30235294117647
EC,110.07058823529412
OC,102.94627450980393
