approach,BC,WM,LC,TMC,NTMC,DBC,EC,OC
smart selection,0.5768417511795517,0.6085096480762031,0.6174890488165937,0.8429603363124922,0.7264578237592559,0.5726388709329782,17.922418136020152,0.459406793011377
original combination,0.5625022187963501,0.5990296019378134,0.6056277418218767,0.8432105591828265,0.7190710069020939,0.5565655240634887,16.40775,0.4512227263357356
constituent criterion,0.5934175162163273,0.6108036467951927,0.6177848603044449,0.8475175349121691,0.7205220633914026,0.5814165772278743,18.31133501259446,0.46564158749605933
