approach,BC,WM,LC,TMC,NTMC,DBC,EC,OC
smart selection,0.5957065143768325,0.6256146383355948,0.6324315129941162,0.84788735641001,0.7351682183290863,0.5921126173376172,19.27179487179487,0.4706725087730196
original combination,0.5782545992491234,0.614113355735313,0.6176262001303331,0.8476702550091272,0.7262226085833243,0.5735200129249034,17.809620253164557,0.4630265370833328
constituent criterion,0.6051465374349675,0.6254578655775025,0.6268722819361167,0.852557744907812,0.7307218676271392,0.5909790804498223,19.26854219948849,0.47308486516430626
