approach,BC,WM,LC,TMC,NTMC,DBC,EC,OC
smart selection,0.4966647727395541,0.5199272382499889,0.5399979347656184,0.8141635665289091,0.6933011188050203,0.49761112264020513,31.03529411764706,0.4185469933993575
original combination,0.4534417482681969,0.4812011736146574,0.5028075683768413,0.7999912747504416,0.6679197493109796,0.45177497778342046,26.523529411764706,0.3960441348708703
constituent criterion,0.5388001610637658,0.5139045968060109,0.5304995977158475,0.8349228977429919,0.7054475125188904,0.5410608733884764,34.79047619047619,0.43496789630932026
