approach,BC,WM,LC,TMC,NTMC,DBC,EC,OC
smart selection,0.6100064409131195,0.642658291462333,0.6459999392500201,0.8491685135413999,0.7380584026061188,0.6044544558725071,14.747385620915033,0.47870114590453167
original combination,0.6003786395374685,0.6391316929886833,0.640687553329297,0.8554339830291022,0.7363967952010941,0.5939109608995707,13.867202572347267,0.47307429192678846
constituent criterion,0.6146827333220952,0.6438115006108942,0.6474285570429092,0.8535550447531979,0.7289576796369222,0.5992967870055461,14.052287581699346,0.48154355493774537
