approach,BC,WM,LC,TMC,NTMC,DBC,EC,OC
smart selection,0.45323980863503327,0.48036364557437883,0.50330964359007,0.7912370338489405,0.6653601047033714,0.45157052163213196,25.68627450980392,0.3879744722955493
original combination,0.409765141653856,0.44093649689414904,0.46659744134651787,0.7717499650286163,0.6325954471214446,0.4050890546382219,22.079607843137257,0.36127203035194644
constituent criterion,0.5061117393036838,0.4744648308613992,0.49768201556166564,0.8186920135833614,0.6757657780816487,0.49951338649533245,29.742745098039215,0.4135477992044687
