approach,BC,WM,LC,TMC,NTMC,DBC,EC,OC
smart selection,0.5122925835238874,0.5345479675917315,0.5519104808444409,0.8199140751745402,0.7041381238710764,0.5145499665920769,32.93764705882353,0.4253265176299956
original combination,0.4714889063082466,0.4978750582382561,0.5182153871699877,0.8115550185964515,0.6809711523999947,0.4693856456324032,28.487058823529413,0.4087028086406859
constituent criterion,0.5525172731733615,0.531984721917389,0.5473888457424675,0.8435725044391696,0.7155671031057637,0.5548009946340527,36.95975609756098,0.4507544731397323
