approach,Size
smart selection,51.35333333333333
original combination,47.7675
BC,35.651833333333336
WM,21.56475
LC,26.740333333333332
TMC,23.570333333333334
NTMC,18.98725
DBC,38.39233333333333
EC,45.94258333333333
OC,41.86666666666667
