approach,BC,WM,LC,TMC,NTMC,DBC,EC,OC
smart selection,0.6152609587998356,0.6472422005068017,0.651211262467708,0.8537738773447204,0.741848034300038,0.6097844832922363,15.207166123778501,0.4809017410419526
original combination,0.6032587229122272,0.6418437106695575,0.6411337411935679,0.8535014862640339,0.7344269749173575,0.5971173046202596,14.470096463022507,0.4747473419589926
constituent criterion,0.6160602262365735,0.6487579915799335,0.6484434820610947,0.8532545995513632,0.7324252900739343,0.5999642977049062,14.123778501628664,0.4784792228203611
