approach,BC,WM,LC,TMC,NTMC,DBC,EC,OC
smart selection,0.5233786295833125,0.545618715605948,0.562969066146016,0.8261143211454797,0.7104609472076141,0.5267480047102909,34.30602409638554,0.4328366737541929
original combination,0.4856798080678678,0.511445017824001,0.5305923278605004,0.8260808154820323,0.6958469189418436,0.48615384962423897,30.173809523809524,0.4196316523651144
constituent criterion,0.5646475476651531,0.5402068163215491,0.5467506814719146,0.8499694276603365,0.7244007337281898,0.5578193501036794,38.07142857142857,0.45349820938934354
