approach,BC,WM,LC,TMC,NTMC,DBC,EC,OC
smart selection,0.5987818607559715,0.6245219106733627,0.6332404863278737,0.8409720455272311,0.7231422166267898,0.5943533753751126,19.3544080604534,0.4652635935066962
original combination,0.5994316073011998,0.6326788777632028,0.636537363436567,0.8444283284703494,0.7258064372163222,0.5944061008668698,19.18253164556962,0.4642521265714355
constituent criterion,0.5982110971897043,0.6356151409632742,0.637188692736689,0.815359879994657,0.7110624593424647,0.5959226270452845,18.203535353535354,0.4681115810033254
