approach,BC,WM,LC,TMC,NTMC,DBC,EC,OC
smart selection,0.6093143705852555,0.6315879155705335,0.6398599812068224,0.8443099084036388,0.7282354682660361,0.6038995082174962,20.70642673521851,0.4751207001599222
original combination,0.608945810315509,0.6416225427916822,0.6428838061613196,0.8462376747927106,0.7292959473943051,0.603771550695844,20.670284237726097,0.47277670210691963
constituent criterion,0.6094561173367474,0.6470665155057139,0.6474847453322552,0.8194604725701334,0.7131633669504956,0.6079612708740832,19.255012853470436,0.4761647581911824
