approach,BC,WM,LC,TMC,NTMC,DBC,EC,OC
smart selection,0.6113884422300542,0.6402090233369485,0.6470877659011587,0.8460511696539441,0.7298799330299458,0.6066674988970734,14.371246006389777,0.47158353085843213
original combination,0.6116387419169487,0.6499819460685047,0.6506788608494565,0.8515549127645686,0.734928627980146,0.6071577627626678,14.310256410256411,0.47168826799323965
constituent criterion,0.6096636272729555,0.6518200821560733,0.651516609553696,0.8199409559918411,0.7197650520519212,0.6054338106319029,13.642492012779552,0.47343739362069903
