approach,BC,WM,LC,TMC,NTMC,DBC,EC,OC
smart selection,0.6171103096568532,0.6452743651152776,0.6504267864914823,0.8500285718329035,0.7334885542023415,0.6125391303521096,14.348196721311476,0.4799388707982827
original combination,0.6140384171511922,0.6518261146019141,0.6501190823534904,0.8488368950609123,0.7323877712205143,0.6093666097502204,14.493729372937294,0.4757122487758516
constituent criterion,0.6168252860994669,0.656768307899367,0.6560695447606817,0.8196995961157071,0.7205210354884855,0.6117490948153378,13.87198697068404,0.4825443959762544
