approach,BC,WM,LC,TMC,NTMC,DBC,EC,OC
smart selection,0.5819099163422442,0.5892724103044022,0.604043308135387,0.8389085792155174,0.7164884980730306,0.5754651998911933,42.274698795180726,0.4604611905760267
original combination,0.5752927554799641,0.5901930724152493,0.6002376062956658,0.8330438110810735,0.7135691332061312,0.5685723447148627,42.21975308641975,0.45546027504945424
constituent criterion,0.57625464167114,0.5993142745971852,0.6081601132345112,0.8139379730839104,0.6840450095416777,0.5861369694774672,38.146987951807226,0.4585755726785072
