approach,BC,WM,LC,TMC,NTMC,DBC,EC,OC
smart selection,0.5675318146803143,0.579152202645878,0.5918485065570807,0.8312666333117376,0.7108963117680762,0.5607595098848315,40.743037974683546,0.4493813024687889
original combination,0.5651590763296732,0.5819765439017563,0.5925629642727352,0.8242897107628957,0.7030529103495511,0.5581535444812755,40.35625,0.4413728012595696
constituent criterion,0.5788666752092986,0.5900687380677218,0.6045454370352473,0.8052554585291293,0.6896919544512583,0.5810125616965099,37.28192771084338,0.4569125328514378
