approach,BC,WM,LC,TMC,NTMC,DBC,EC,OC
smart selection,0.6167476049060728,0.643065650659059,0.6495749611575709,0.8457749748174102,0.7314217379589103,0.6116120820445649,14.856209150326798,0.47909697236731824
original combination,0.6178539718896244,0.65523622612662,0.654172506125757,0.849730168128144,0.7334589276205867,0.613088987573163,14.966013071895425,0.4773604622103658
constituent criterion,0.6183380407632155,0.659424124175334,0.6580920474112512,0.8209403580533695,0.7210101970314431,0.6137007787089082,14.130718954248366,0.48090470104037736
