approach,Size
smart selection,61.13025
original combination,60.59208333333334
BC,35.36125
WM,37.98858333333333
LC,35.50508333333333
TMC,38.44108333333333
NTMC,38.10458333333333
DBC,39.813
EC,45.91716666666667
OC,42.43183333333333
