approach,BC,WM,LC,TMC,NTMC,DBC,EC,OC
smart selection,0.6069105672007431,0.6316711077322503,0.6383755257758108,0.846168693855893,0.728840670993209,0.601886552183061,19.778385416666666,0.4736522877304966
original combination,0.6038286331675855,0.6372361259439179,0.6380969166969349,0.8437095458602821,0.7262603851378069,0.5986693637410408,19.895822454308092,0.46853951822414813
constituent criterion,0.608793741225981,0.6427801628195845,0.6452362708286667,0.8166255873472817,0.7138979081045288,0.6053489426749135,18.854102564102565,0.47705185387807963
