approach,BC,WM,LC,TMC,NTMC,DBC,EC,OC
smart selection,0.6133525144503105,0.6363426259708385,0.6467360905545521,0.8501713722932943,0.7341022458900782,0.608843559100023,14.656493506493506,0.47411704250940595
original combination,0.6078666326493726,0.6456722562348716,0.6443150840010854,0.8559216292073458,0.7320566828641145,0.6030886465622972,14.105844155844157,0.4713799911376204
constituent criterion,0.6154401238452509,0.6469751061079388,0.6424720173357155,0.8430803552935037,0.7153094073522602,0.6075521531750598,13.868627450980393,0.48037378587573043
