approach,BC,WM,LC,TMC,NTMC,DBC,EC,OC
smart selection,0.5993426047321767,0.6219719844083629,0.633583915784724,0.8456813293674934,0.7292543856160375,0.5970748903420251,19.840359897172238,0.4674241355795965
original combination,0.5894350919276473,0.6256184822580455,0.6276585012829718,0.8502553035671587,0.7245442801143442,0.5868663380595497,18.731619537275066,0.4614410631615332
constituent criterion,0.6041947993962805,0.6308928538850772,0.6300226720409917,0.8342481146666743,0.7060310893539428,0.5981611262542238,18.77396907216495,0.4747474249281111
