approach,BC,WM,LC,TMC,NTMC,DBC,EC,OC
smart selection,0.5524906573421412,0.5715154130182449,0.5875585772487614,0.8314748425952045,0.7154365690300524,0.559532543836802,40.85952380952381,0.44829296893055853
original combination,0.5345383325778527,0.563880753766681,0.5833470262473773,0.8378288297732187,0.7037692501952103,0.5407191407787838,38.14430379746835,0.4262587322908819
constituent criterion,0.5737722149262541,0.5752164788039886,0.5860773368577534,0.8096357133144262,0.6826108861184371,0.5693988350200261,38.385185185185186,0.4622283696905613
