approach,Size
smart selection,126.56274509803923
original combination,112.38000000000001
BC,87.24980392156863
WM,51.245098039215684
LC,68.20980392156862
TMC,50.854509803921566
NTMC,39.281960784313725
DBC,94.55568627450981
EC,105.12039215686275
OC,99.68901960784314
