approach,BC,WM,LC,TMC,NTMC,DBC,EC,OC
smart selection,0.4924427233392861,0.5150807174619408,0.5385880750599434,0.7893494850152074,0.6615796441228926,0.49654133667788697,30.538039215686272,0.4034725871169077
original combination,0.46281789151668956,0.4928084838715456,0.5157777471440617,0.7792425708226466,0.6449347649671401,0.4631653403530642,27.527450980392153,0.3843352641221989
constituent criterion,0.5149511152038772,0.5107745011046371,0.5347968376396558,0.7685062711124017,0.6443003326028193,0.5118545508800385,30.031764705882352,0.4165212745721201
