approach,BC,WM,LC,TMC,NTMC,DBC,EC,OC
smart selection,0.6086622851897959,0.6337051093381952,0.6422529772763154,0.8518956155251765,0.7320714826832132,0.6035244244497652,14.319032258064516,0.46812032977994134
original combination,0.6035885523744793,0.6419097811893523,0.6411328665612749,0.8553543663025963,0.7325410645635854,0.59825301989038,13.99102564102564,0.467047443080165
constituent criterion,0.6134203350229485,0.6380294387734935,0.6380692202420384,0.843272771674279,0.711687083821468,0.6011688522265343,13.690415335463259,0.4732537635370309
