approach,BC,WM,LC,TMC,NTMC,DBC,EC,OC
smart selection,0.6009993069317046,0.6235056169484972,0.6344134891053002,0.8482369118083825,0.7320467949745175,0.5989254982014203,20.131969309462917,0.46970697256753674
original combination,0.5963917406176884,0.6317775527582109,0.6348954084867441,0.8522987399886355,0.729018740927421,0.5936844971085468,19.176683937823835,0.4648863554428351
constituent criterion,0.6085075961036257,0.632342494256716,0.6306273060551283,0.835147959730375,0.7079959680519217,0.600258022128877,19.175384615384615,0.4766285118349571
