approach,BC,WM,LC,TMC,NTMC,DBC,EC,OC
smart selection,0.492442723339286,0.5150807174619407,0.5385880750599434,0.7893494850152075,0.6615796441228926,0.4965413366778871,30.538039215686272,0.40347258711690775
original combination,0.4628178915166896,0.4928084838715455,0.5157777471440617,0.7792425708226466,0.6449347649671401,0.4631653403530643,27.527450980392153,0.3843352641221989
constituent criterion,0.5149511152038772,0.5107745011046372,0.5347968376396557,0.7685062711124014,0.6443003326028192,0.5118545508800384,30.031764705882352,0.4165212745721202
